CREATE DATABASE  IF NOT EXISTS `honei_1` /*!40100 DEFAULT CHARACTER SET utf8mb4 COLLATE utf8mb4_0900_ai_ci */ /*!80016 DEFAULT ENCRYPTION='N' */;
USE `honei_1`;
-- MySQL dump 10.13  Distrib 8.0.27, for Win64 (x86_64)
--
-- Host: localhost    Database: honei_1
-- ------------------------------------------------------
-- Server version	8.0.27

/*!40101 SET @OLD_CHARACTER_SET_CLIENT=@@CHARACTER_SET_CLIENT */;
/*!40101 SET @OLD_CHARACTER_SET_RESULTS=@@CHARACTER_SET_RESULTS */;
/*!40101 SET @OLD_COLLATION_CONNECTION=@@COLLATION_CONNECTION */;
/*!50503 SET NAMES utf8 */;
/*!40103 SET @OLD_TIME_ZONE=@@TIME_ZONE */;
/*!40103 SET TIME_ZONE='+00:00' */;
/*!40014 SET @OLD_UNIQUE_CHECKS=@@UNIQUE_CHECKS, UNIQUE_CHECKS=0 */;
/*!40014 SET @OLD_FOREIGN_KEY_CHECKS=@@FOREIGN_KEY_CHECKS, FOREIGN_KEY_CHECKS=0 */;
/*!40101 SET @OLD_SQL_MODE=@@SQL_MODE, SQL_MODE='NO_AUTO_VALUE_ON_ZERO' */;
/*!40111 SET @OLD_SQL_NOTES=@@SQL_NOTES, SQL_NOTES=0 */;

--
-- Temporary view structure for view `consolidated_view`
--

DROP TABLE IF EXISTS `consolidated_view`;
/*!50001 DROP VIEW IF EXISTS `consolidated_view`*/;
SET @saved_cs_client     = @@character_set_client;
/*!50503 SET character_set_client = utf8mb4 */;
/*!50001 CREATE VIEW `consolidated_view` AS SELECT 
 1 AS `country_code`,
 1 AS `country_name`,
 1 AS `continent_code`,
 1 AS `continent_name`,
 1 AS `year`,
 1 AS `gdp_per_capita`*/;
SET character_set_client = @saved_cs_client;

--
-- Table structure for table `continent_map`
--

DROP TABLE IF EXISTS `continent_map`;
/*!40101 SET @saved_cs_client     = @@character_set_client */;
/*!50503 SET character_set_client = utf8mb4 */;
CREATE TABLE `continent_map` (
  `country_code` varchar(10) DEFAULT NULL,
  `continent_code` varchar(10) DEFAULT NULL
) ENGINE=InnoDB DEFAULT CHARSET=utf8mb4 COLLATE=utf8mb4_0900_ai_ci;
/*!40101 SET character_set_client = @saved_cs_client */;

--
-- Dumping data for table `continent_map`
--

LOCK TABLES `continent_map` WRITE;
/*!40000 ALTER TABLE `continent_map` DISABLE KEYS */;
INSERT INTO `continent_map` VALUES ('ABW','NA'),('AFG','AS'),('AGO','AF'),('AIA','NA'),('ALA','EU'),('ALB','EU'),('AND','EU'),('ANT','NA'),('ARE','AS'),('ARG','SA'),('ARM','EU'),('ARM','AS'),('ARM','AF'),('ASM','OC'),('ATA','AN'),('ATF','AN'),('ATG','NA'),('AUS','OC'),('AUT','EU'),('AZE','EU'),('AZE','AS'),('BDI','AF'),('BEL','EU'),('BEN','AF'),('BES','NA'),('BFA','AF'),('BGD','AS'),('BGR','EU'),('BHR','AS'),('BHS','NA'),('BIH','EU'),('BLM','NA'),('BLR','EU'),('BLZ','NA'),('BMU','NA'),('BOL','SA'),('BRA','SA'),('BRB','NA'),('BRN','AS'),('BTN','AS'),('BVT','AN'),('BWA','AF'),('CAF','AF'),('CAN','NA'),('CCK','AS'),('CHE','EU'),('CHL','SA'),('CHN','AS'),('CIV','AF'),('CMR','AF'),('COD','AF'),('COG','AF'),('COK','OC'),('COL','SA'),('COM','AF'),('CPV','AF'),('CRI','NA'),('CUB','NA'),('CUW','NA'),('CXR','AS'),('CYM','NA'),('CYP','EU'),('CYP','AS'),('CZE','EU'),('DEU','EU'),('DJI','AF'),('DMA','NA'),('DNK','EU'),('DOM','NA'),('DZA','AF'),('ECU','SA'),('EGY','AF'),('ERI','AF'),('ESH','AF'),('ESP','EU'),('EST','EU'),('ETH','AF'),('FIN','EU'),('FJI','OC'),('FLK','SA'),('FRA','EU'),('FRO','EU'),('FSM','OC'),('GAB','AF'),('GBR','EU'),('GEO','EU'),('GEO','AS'),('GGY','EU'),('GHA','AF'),('GIB','EU'),('GIN','AF'),('GLP','NA'),('GMB','AF'),('GNB','AF'),('GNQ','AF'),('GRC','EU'),('GRD','NA'),('GRL','NA'),('GTM','NA'),('GUF','SA'),('GUM','OC'),('GUY','SA'),('HKG','AS'),('HMD','AN'),('HND','NA'),('HRV','EU'),('HTI','NA'),('HUN','EU'),('IDN','AS'),('IMN','EU'),('IND','AS'),('IOT','AS'),('IRL','EU'),('IRN','AS'),('IRQ','AS'),('ISL','EU'),('ISR','AS'),('ITA','EU'),('JAM','NA'),('JEY','EU'),('JOR','AS'),('JPN','AS'),('KAZ','EU'),('KAZ','AS'),('KEN','AF'),('KGZ','AS'),('KHM','AS'),('KIR','OC'),('KNA','NA'),('KOR','AS'),('KWT','AS'),('LAO','AS'),('LBN','AS'),('LBR','AF'),('LBY','AF'),('LCA','NA'),('LIE','EU'),('LKA','AS'),('LSO','AF'),('LTU','EU'),('LUX','EU'),('LVA','EU'),('MAC','AS'),('MAF','NA'),('MAR','AF'),('MCO','EU'),('MDA','EU'),('MDG','AF'),('MDV','AS'),('MEX','NA'),('MHL','OC'),('MKD','EU'),('MLI','AF'),('MLT','EU'),('MMR','AS'),('MNE','EU'),('MNG','AS'),('MNP','OC'),('MOZ','AF'),('MRT','AF'),('MSR','NA'),('MTQ','NA'),('MUS','AF'),('MWI','AF'),('MYS','AS'),('MYT','AF'),('NAM','AF'),('NCL','OC'),('NER','AF'),('NFK','OC'),('NGA','AF'),('NIC','NA'),('NIU','OC'),('NLD','EU'),('NOR','EU'),('NPL','AS'),('NRU','OC'),('N/A','OC'),('N/A','AS'),('N/A','AS'),('N/A','AS'),('NZL','OC'),('OMN','AS'),('PAK','AS'),('PAN','NA'),('PCN','OC'),('PER','SA'),('PHL','AS'),('PLW','OC'),('PNG','OC'),('POL','EU'),('PRI','NA'),('PRK','AS'),('PRT','EU'),('PRY','SA'),('PSE','AS'),('PYF','OC'),('QAT','AS'),('REU','AF'),('ROU','EU'),('RUS','EU'),('RUS','AS'),('RWA','AF'),('SAU','AS'),('SDN','AF'),('SEN','AF'),('SGP','AS'),('SGS','AN'),('SHN','AF'),('SJM','EU'),('SLB','OC'),('SLE','AF'),('SLV','NA'),('SMR','EU'),('SOM','AF'),('SPM','NA'),('SRB','EU'),('SSD','AF'),('STP','AF'),('SUR','SA'),('SVK','EU'),('SVN','EU'),('SWE','EU'),('SWZ','AF'),('SXM','NA'),('SYC','AF'),('SYR','AS'),('TCA','NA'),('TCD','AF'),('TGO','AF'),('THA','AS'),('TJK','AS'),('TKL','OC'),('TKM','AS'),('TLS','AS'),('TON','OC'),('TTO','NA'),('TUN','AF'),('TUR','EU'),('TUR','AS'),('TUV','OC'),('TWN','AS'),('TZA','AF'),('UGA','AF'),('UKR','EU'),('UMI','OC'),('UMI','NA'),('URY','SA'),('USA','NA'),('UZB','AS'),('VAT','EU'),('VCT','NA'),('VEN','SA'),('VGB','NA'),('VIR','NA'),('VNM','AS'),('VUT','OC'),('WLF','OC'),('WSM','OC'),('YEM','AS'),('ZAF','AF'),('ZMB','AF'),('ZWE','AF');
/*!40000 ALTER TABLE `continent_map` ENABLE KEYS */;
UNLOCK TABLES;

--
-- Table structure for table `continents`
--

DROP TABLE IF EXISTS `continents`;
/*!40101 SET @saved_cs_client     = @@character_set_client */;
/*!50503 SET character_set_client = utf8mb4 */;
CREATE TABLE `continents` (
  `continent_code` varchar(10) DEFAULT NULL,
  `continent_name` varchar(50) DEFAULT NULL
) ENGINE=InnoDB DEFAULT CHARSET=utf8mb4 COLLATE=utf8mb4_0900_ai_ci;
/*!40101 SET character_set_client = @saved_cs_client */;

--
-- Dumping data for table `continents`
--

LOCK TABLES `continents` WRITE;
/*!40000 ALTER TABLE `continents` DISABLE KEYS */;
INSERT INTO `continents` VALUES ('AF','Africa'),('AS','Asia'),('EU','Europe'),('NA','North America'),('SA','South America'),('OC','Oceania'),('AN','Antarctica');
/*!40000 ALTER TABLE `continents` ENABLE KEYS */;
UNLOCK TABLES;

--
-- Table structure for table `countries`
--

DROP TABLE IF EXISTS `countries`;
/*!40101 SET @saved_cs_client     = @@character_set_client */;
/*!50503 SET character_set_client = utf8mb4 */;
CREATE TABLE `countries` (
  `country_code` varchar(10) DEFAULT NULL,
  `country_name` varchar(100) DEFAULT NULL
) ENGINE=InnoDB DEFAULT CHARSET=utf8mb4 COLLATE=utf8mb4_0900_ai_ci;
/*!40101 SET character_set_client = @saved_cs_client */;

--
-- Dumping data for table `countries`
--

LOCK TABLES `countries` WRITE;
/*!40000 ALTER TABLE `countries` DISABLE KEYS */;
INSERT INTO `countries` VALUES ('ABW','Aruba'),('AND','Andorra'),('AFG','Afghanistan'),('AGO','Angola'),('ALB','Albania'),('ARB','Arab World'),('ARE','United Arab Emirates'),('ARG','Argentina'),('ARM','Armenia'),('ASM','American Samoa'),('ATG','Antigua and Barbuda'),('AUS','Australia'),('AUT','Austria'),('AZE','Azerbaijan'),('BDI','Burundi'),('BEL','Belgium'),('BEN','Benin'),('BFA','Burkina Faso'),('BGD','Bangladesh'),('BGR','Bulgaria'),('BHR','Bahrain'),('BHS','Bahamas, The'),('BIH','Bosnia and Herzegovina'),('BLR','Belarus'),('BLZ','Belize'),('BMU','Bermuda'),('BOL','Bolivia'),('BRA','Brazil'),('BRB','Barbados'),('BRN','Brunei Darussalam'),('BTN','Bhutan'),('BWA','Botswana'),('CAA','Sub-Saharan Africa (IFC classification)'),('CAF','Central African Republic'),('CAN','Canada'),('CEA','East Asia and the Pacific (IFC classification)'),('CEU','Europe and Central Asia (IFC classification)'),('CHE','Switzerland'),('CHI','Channel Islands'),('CHL','Chile'),('CHN','China'),('CIV','Cote d\'Ivoire'),('CLA','Latin America and the Caribbean (IFC classification)'),('CME','Middle East and North Africa (IFC classification)'),('CMR','Cameroon'),('COG','Congo, Rep.'),('COL','Colombia'),('COM','Comoros'),('CPV','Cabo Verde'),('CRI','Costa Rica'),('CSA','South Asia (IFC classification)'),('CSS','Caribbean small states'),('CUB','Cuba'),('CUW','Curacao'),('CYM','Cayman Islands'),('CYP','Cyprus'),('CZE','Czech Republic'),('DEU','Germany'),('DJI','Djibouti'),('DMA','Dominica'),('DNK','Denmark'),('DOM','Dominican Republic'),('DZA','Algeria'),('EAP','East Asia & Pacific (developing only)'),('EAS','East Asia & Pacific (all income levels)'),('ECA','Europe & Central Asia (developing only)'),('ECS','Europe & Central Asia (all income levels)'),('ECU','Ecuador'),('EGY','Egypt, Arab Rep.'),('EMU','Euro area'),('ERI','Eritrea'),('ESP','Spain'),('EST','Estonia'),('ETH','Ethiopia'),('EUU','European Union'),('FIN','Finland'),('FJI','Fiji'),('FRA','France'),('FRO','Faeroe Islands'),('FSM','Micronesia, Fed. Sts.'),('GAB','Gabon'),('GBR','United Kingdom'),('GEO','Georgia'),('GHA','Ghana'),('GIN','Guinea'),('GMB','Gambia, The'),('GNB','Guinea-Bissau'),('GNQ','Equatorial Guinea'),('GRC','Greece'),('GRD','Grenada'),('GRL','Greenland'),('GTM','Guatemala'),('GUM','Guam'),('GUY','Guyana'),('HIC','High income'),('HKG','Hong Kong SAR, China'),('HND','Honduras'),('HPC','Heavily indebted poor countries (HIPC)'),('HRV','Croatia'),('HTI','Haiti'),('HUN','Hungary'),('IDN','Indonesia'),('IMN','Isle of Man'),('IND','India'),('INX','Not classified'),('IRL','Ireland'),('IRN','Iran, Islamic Rep.'),('IRQ','Iraq'),('ISL','Iceland'),('ISR','Israel'),('ITA','Italy'),('JAM','Jamaica'),('JOR','Jordan'),('JPN','Japan'),('KAZ','Kazakhstan'),('KEN','Kenya'),('KGZ','Kyrgyz Republic'),('KHM','Cambodia'),('KIR','Kiribati'),('KNA','St. Kitts and Nevis'),('KOR','Korea, Rep.'),('KSV','Kosovo'),('KWT','Kuwait'),('LAC','Latin America & Caribbean (developing only)'),('LAO','Lao PDR'),('LBN','Lebanon'),('LBR','Liberia'),('LBY','Libya'),('LCA','St. Lucia'),('LCN','Latin America & Caribbean (all income levels)'),('LDC','Least developed countries: UN classification'),('LIC','Low income'),('LIE','Liechtenstein'),('LKA','Sri Lanka'),('LMC','Lower middle income'),('LMY','Low & middle income'),('LSO','Lesotho'),('LTU','Lithuania'),('LUX','Luxembourg'),('LVA','Latvia'),('MAC','Macao SAR, China'),('MAF','St. Martin (French part)'),('MAR','Morocco'),('MCO','Monaco'),('MDA','Moldova'),('MDG','Madagascar'),('MDV','Maldives'),('MEA','Middle East & North Africa (all income levels)'),('MEX','Mexico'),('MHL','Marshall Islands'),('MIC','Middle income'),('MKD','Macedonia, FYR'),('MLI','Mali'),('MLT','Malta'),('MMR','Myanmar'),('MNA','Middle East & North Africa (developing only)'),('MNE','Montenegro'),('MNG','Mongolia'),('MNP','Northern Mariana Islands'),('MOZ','Mozambique'),('MRT','Mauritania'),('MUS','Mauritius'),('MWI','Malawi'),('MYS','Malaysia'),('NAC','North America'),('NAM','Namibia'),('NCL','New Caledonia'),('NER','Niger'),('NGA','Nigeria'),('NIC','Nicaragua'),('NLD','Netherlands'),('NOC','High income: nonOECD'),('NOR','Norway'),('NPL','Nepal'),('NZL','New Zealand'),('OEC','High income: OECD'),('OED','OECD members'),('OMN','Oman'),('OSS','Other small states'),('PAK','Pakistan'),('PAN','Panama'),('PER','Peru'),('PHL','Philippines'),('PLW','Palau'),('PNG','Papua New Guinea'),('POL','Poland'),('PRI','Puerto Rico'),('PRK','Korea, Dem. Rep.'),('PRT','Portugal'),('PRY','Paraguay'),('PSS','Pacific island small states'),('PYF','French Polynesia'),('QAT','Qatar'),('ROU','Romania'),('RUS','Russian Federation'),('RWA','Rwanda'),('SAS','South Asia'),('SAU','Saudi Arabia'),('SDN','Sudan'),('SEN','Senegal'),('SGP','Singapore'),('SLB','Solomon Islands'),('SLE','Sierra Leone'),('SLV','El Salvador'),('SMR','San Marino'),('SOM','Somalia'),('SRB','Serbia'),('SSA','Sub-Saharan Africa (developing only)'),('SSD','South Sudan'),('SSF','Sub-Saharan Africa (all income levels)'),('SST','Small states'),('STP','Sao Tome and Principe'),('SUR','Suriname'),('SVK','Slovak Republic'),('SVN','Slovenia'),('SWE','Sweden'),('SWZ','Swaziland'),('SXM','Sint Maarten (Dutch part)'),('SYC','Seychelles'),('SYR','Syrian Arab Republic'),('TCA','Turks and Caicos Islands'),('TCD','Chad'),('TGO','Togo'),('THA','Thailand'),('TJK','Tajikistan'),('TKM','Turkmenistan'),('TLS','Timor-Leste'),('TON','Tonga'),('TTO','Trinidad and Tobago'),('TUN','Tunisia'),('TUR','Turkey'),('TUV','Tuvalu'),('TZA','Tanzania'),('UGA','Uganda'),('UKR','Ukraine'),('UMC','Upper middle income'),('URY','Uruguay'),('USA','United States'),('UZB','Uzbekistan'),('VCT','St. Vincent and the Grenadines'),('VEN','Venezuela, RB'),('VIR','Virgin Islands (U.S.)'),('VNM','Vietnam'),('VUT','Vanuatu'),('PSE','West Bank and Gaza'),('WLD','World'),('WSM','Samoa'),('YEM','Yemen, Rep.'),('ZAF','South Africa'),('COD','Congo, Dem. Rep.'),('ZMB','Zambia'),('ZWE','Zimbabwe');
/*!40000 ALTER TABLE `countries` ENABLE KEYS */;
UNLOCK TABLES;

--
-- Table structure for table `per_capita`
--

DROP TABLE IF EXISTS `per_capita`;
/*!40101 SET @saved_cs_client     = @@character_set_client */;
/*!50503 SET character_set_client = utf8mb4 */;
CREATE TABLE `per_capita` (
  `country_code` varchar(10) DEFAULT NULL,
  `year` int DEFAULT NULL,
  `gdp_per_capita` float DEFAULT NULL
) ENGINE=InnoDB DEFAULT CHARSET=utf8mb4 COLLATE=utf8mb4_0900_ai_ci;
/*!40101 SET character_set_client = @saved_cs_client */;

--
-- Dumping data for table `per_capita`
--

LOCK TABLES `per_capita` WRITE;
/*!40000 ALTER TABLE `per_capita` DISABLE KEYS */;
INSERT INTO `per_capita` VALUES ('ABW',2004,22566.7),('AND',2004,29372.2),('AFG',2004,220.056),('AGO',2004,1229.34),('ALB',2004,2320.89),('ARB',2004,3169.36),('ARE',2004,40404),('ARG',2004,3997.24),('ARM',2004,1182.1),('ATG',2004,11076.1),('AUS',2004,30464),('AUT',2004,35662.2),('AZE',2004,1045.03),('BDI',2004,121.859),('BEL',2004,34706.7),('BEN',2004,511.293),('BFA',2004,371.218),('BGD',2004,400.472),('BGR',2004,3249.29),('BHR',2004,16027.3),('BHS',2004,22005),('BIH',2004,2578.74),('BLR',2004,2378.38),('BLZ',2004,3991.28),('BMU',2004,70359.3),('BOL',2004,954.922),('BRA',2004,3607.19),('BRB',2004,12893.6),('BRN',2004,21819.3),('BTN',2004,1108.52),('BWA',2004,4829.52),('CAF',2004,326.197),('CAN',2004,31011.9),('CHE',2004,50641.8),('CHI',2004,55842.7),('CHL',2004,6223.97),('CHN',2004,1490.38),('CIV',2004,902.986),('CMR',2004,892.526),('COG',2004,1347.87),('COL',2004,2752.91),('COM',2004,619.111),('CPV',2004,2159.23),('CRI',2004,4379.39),('CSS',2004,6163.78),('CUB',2004,3388.77),('CYP',2004,21380.9),('CZE',2004,11177.4),('DEU',2004,33040.1),('DJI',2004,869.8),('DMA',2004,5218.3),('DNK',2004,45282.1),('DOM',2004,2407.19),('DZA',2004,2549.96),('EAP',2004,1415.35),('EAS',2004,4452.92),('ECA',2004,3173.95),('ECS',2004,17370.6),('ECU',2004,2704.67),('EGY',2004,1116.93),('EMU',2004,30117.4),('ERI',2004,237.713),('ESP',2004,24337.5),('EST',2004,8871.71),('ETH',2004,134.28),('EUU',2004,26769.9),('FIN',2004,36162.7),('FJI',2004,3330.31),('FRA',2004,32784.8),('FRO',2004,34520.9),('FSM',2004,2247.84),('GAB',2004,5328.49),('GBR',2004,37027),('GEO',2004,1186.87),('GHA',2004,426.264),('GIN',2004,390.885),('GMB',2004,415.814),('GNB',2004,375.795),('GNQ',2004,8943.68),('GRC',2004,20607.2),('GRD',2004,5844.96),('GRL',2004,28903.9),('GTM',2004,1937.72),('GUY',2004,1038.29),('HIC',2004,28431.3),('HKG',2004,24928.1),('HND',2004,1297.19),('HPC',2004,382.694),('HRV',2004,9237.12),('HTI',2004,400.932),('HUN',2004,10084.5),('IDN',2004,1160.61),('IMN',2004,34624.5),('IND',2004,649.711),('IRL',2004,45766.4),('IRN',2004,2353.93),('IRQ',2004,1373.19),('ISL',2004,45370.1),('ISR',2004,18588.8),('ITA',2004,29832.6),('JAM',2004,3862.06),('JOR',2004,2156.44),('JPN',2004,36441.5),('KAZ',2004,2874.29),('KEN',2004,462.05),('KGZ',2004,433.235),('KHM',2004,405.938),('KIR',2004,1149.38),('KNA',2004,10275.5),('KOR',2004,15028.8),('KSV',2004,2135.33),('KWT',2004,27061.9),('LAC',2004,3993.24),('LAO',2004,415.222),('LBN',2004,5654.23),('LBR',2004,146.641),('LBY',2004,6062.21),('LCA',2004,5250.55),('LCN',2004,4220.69),('LDC',2004,354.997),('LIC',2004,301.888),('LIE',2004,100287),('LKA',2004,1063.16),('LMC',2004,796.211),('LMY',2004,1471.94),('LSO',2004,645.493),('LTU',2004,6677.83),('LUX',2004,74388.7),('LVA',2004,6080.79),('MAC',2004,22371.6),('MAR',2004,1881.96),('MCO',2004,123264),('MDA',2004,720.941),('MDG',2004,245.67),('MDV',2004,3677.22),('MEA',2004,3652.28),('MEX',2004,7083.47),('MHL',2004,2517.69),('MIC',2004,1658.17),('MKD',2004,2643.8),('MLI',2004,421.17),('MLT',2004,14064.2),('MNA',2004,1899.84),('MNE',2004,3372.96),('MNG',2004,798.024),('MOZ',2004,278.783),('MRT',2004,600.062),('MUS',2004,5177.37),('MWI',2004,208.856),('MYS',2004,4918.17),('NAC',2004,40859.3),('NAM',2004,3298.01),('NER',2004,240.217),('NGA',2004,645.926),('NIC',2004,1075.98),('NLD',2004,37458.4),('NOC',2004,8698.74),('NOR',2004,56627.7),('NPL',2004,291.869),('NZL',2004,25194.8),('OEC',2004,33048.6),('OED',2004,28941.3),('OMN',2004,10013.6),('OSS',2004,2671.41),('PAK',2004,631.498),('PAN',2004,4292.42),('PER',2004,2544.35),('PHL',2004,1084.77),('PLW',2004,9635.4),('PNG',2004,660.19),('POL',2004,6620.07),('PRI',2004,20698.1),('PRT',2004,17684.1),('PRY',2004,1386.75),('PSS',2004,2340.66),('QAT',2004,44051.7),('ROU',2004,3533.27),('RUS',2004,4108.56),('RWA',2004,225.751),('SAS',2004,617.161),('SAU',2004,10853.6),('SDN',2004,557.221),('SEN',2004,732.281),('SGP',2004,27047.1),('SLB',2004,819.326),('SLE',2004,290.414),('SLV',2004,2611.16),('SMR',2004,44976.4),('SRB',2004,3168.88),('SSA',2004,749.155),('SSD',2004,13322.2),('SSF',2004,755.675),('SST',2004,3532.42),('STP',2004,707.789),('SUR',2004,3007.93),('SVK',2004,10437.5),('SVN',2004,16944.2),('SWE',2004,40261.1),('SWZ',2004,2211.09),('SYC',2004,10173.6),('SYR',2004,1419.26),('TCD',2004,456.794),('TGO',2004,358.86),('THA',2004,2478.82),('TJK',2004,311.55),('TKM',2004,1455.94),('TLS',2004,471.051),('TON',2004,2400.29),('TTO',2004,9985.22),('TUN',2004,3139.53),('TUR',2004,5866.74),('TUV',2004,2232.6),('TZA',2004,349.621),('UGA',2004,285.964),('UKR',2004,1367.35),('UMC',2004,2509.28),('URY',2004,4117.65),('USA',2004,41928.9),('UZB',2004,465.12),('VCT',2004,4813.33),('VEN',2004,4282.02),('VNM',2004,606.895),('VUT',2004,1788.02),('PSE',2004,1114.39),('WLD',2004,6680.5),('WSM',2004,2094.63),('YEM',2004,707.373),('ZAF',2004,4659.62),('COD',2004,124.05),('ZMB',2004,486.742),('ZWE',2004,457.384),('ABW',2005,23302.8),('AND',2005,31269),('AFG',2005,252.408),('AGO',2005,1706.54),('ALB',2005,2620.82),('ARB',2005,3795.72),('ARE',2005,43533.9),('ARG',2005,4740.07),('ARM',2005,1625.4),('ATG',2005,12135.5),('AUS',2005,34011.7),('AUT',2005,37067.3),('AZE',2005,1578.37),('BDI',2005,143.784),('BEL',2005,36011.5),('BEN',2005,532.611),('BFA',2005,406.999),('BGD',2005,421.123),('BGR',2005,3733.26),('BHR',2005,18156.4),('BHS',2005,23416.9),('BIH',2005,2821.79),('BLR',2005,3126.37),('BLZ',2005,4097.53),('BMU',2005,75882),('BOL',2005,1020.79),('BRA',2005,4739.31),('BRB',2005,14225),('BRN',2005,25913.6),('BTN',2005,1258.99),('BWA',2005,5294.38),('CAF',2005,340.908),('CAN',2005,35087.9),('CHE',2005,51734.3),('CHI',2005,57209.2),('CHL',2005,7614.52),('CHN',2005,1731.13),('CIV',2005,940.752),('CMR',2005,914.553),('COG',2005,1718.1),('COL',2005,3392.92),('COM',2005,644.273),('CPV',2005,2278.16),('CRI',2005,4621.36),('CSS',2005,6995.69),('CUB',2005,3776.47),('CYP',2005,22430.6),('CZE',2005,12736.2),('DEU',2005,33542.8),('DJI',2005,912.499),('DMA',2005,5126.25),('DNK',2005,47546.6),('DOM',2005,3635.71),('DZA',2005,3038.75),('EAP',2005,1623.08),('EAS',2005,4700.1),('ECA',2005,3869.99),('ECS',2005,18444.4),('ECU',2005,3012.75),('EGY',2005,1249.49),('EMU',2005,31084),('ERI',2005,226.29),('ESP',2005,25904.2),('EST',2005,10288.7),('ETH',2005,159.831),('EUU',2005,27873.5),('FIN',2005,37318.8),('FJI',2005,3655.66),('FRA',2005,33819),('FRO',2005,35211.6),('FSM',2005,2352.64),('GAB',2005,6281.95),('GBR',2005,38440.7),('GEO',2005,1469.97),('GHA',2005,501.864),('GIN',2005,306.701),('GMB',2005,434.495),('GNB',2005,402.988),('GNQ',2005,13612.8),('GRC',2005,21620.7),('GRD',2005,6803.55),('GRL',2005,29903.3),('GTM',2005,2146.18),('GUY',2005,1084.18),('HIC',2005,29978.6),('HKG',2005,26649.8),('HND',2005,1401.99),('HPC',2005,424.496),('HRV',2005,10090.4),('HTI',2005,448.585),('HUN',2005,10936.9),('IDN',2005,1273.47),('IMN',2005,36289.9),('IND',2005,740.114),('IRL',2005,48697.6),('IRN',2005,2737.11),('IRQ',2005,1824.7),('ISL',2005,54885.3),('ISR',2005,19330),('ITA',2005,30478.8),('JAM',2005,4189.66),('JOR',2005,2325.43),('JPN',2005,35781.2),('KAZ',2005,3771.28),('KEN',2005,523.614),('KGZ',2005,476.48),('KHM',2005,471.163),('KIR',2005,1173.31),('KNA',2005,10916.2),('KOR',2005,17550.8),('KSV',2005,2194.37),('KWT',2005,35185.9),('LAC',2005,4781.73),('LAO',2005,472.408),('LBN',2005,5483.18),('LBR',2005,165.76),('LBY',2005,7864.94),('LCA',2005,5492.86),('LCN',2005,5034.87),('LDC',2005,405.44),('LIC',2005,328.886),('LIE',2005,105307),('LKA',2005,1242.4),('LMC',2005,904.055),('LMY',2005,1712.96),('LSO',2005,710.548),('LTU',2005,7814.01),('LUX',2005,80925.2),('LVA',2005,7165.38),('MAC',2005,25189.8),('MAR',2005,1948.2),('MCO',2005,126599),('MDA',2005,831.159),('MDG',2005,275.477),('MDV',2005,3335.2),('MEA',2005,4298.73),('MEX',2005,7858.76),('MHL',2005,2642.38),('MIC',2005,1935.13),('MKD',2005,2863.96),('MLI',2005,444.285),('MLT',2005,14810),('MNA',2005,2178.86),('MNE',2005,3665.33),('MNG',2005,998.756),('MOZ',2005,313.108),('MRT',2005,694.32),('MUS',2005,5054.32),('MWI',2005,213.157),('MYS',2005,5553.94),('NAC',2005,43410.6),('NAM',2005,3582.24),('NER',2005,258.282),('NGA',2005,804.152),('NIC',2005,1159),('NLD',2005,39122.3),('NOC',2005,10365),('NOR',2005,65767),('NPL',2005,321.455),('NZL',2005,27536.8),('OEC',2005,34566),('OED',2005,30349.8),('OMN',2005,12252.6),('OSS',2005,3017.05),('PAK',2005,693.177),('PAN',2005,4594.48),('PER',2005,2863.48),('PHL',2005,1200.94),('PLW',2005,10364.6),('PNG',2005,804.071),('POL',2005,7963.02),('PRI',2005,21670),('PRT',2005,18265.4),('PRY',2005,1479.4),('PSS',2005,2530.77),('QAT',2005,54228.8),('ROU',2005,4651.69),('RUS',2005,5337.07),('RWA',2005,273.747),('SAS',2005,696.878),('SAU',2005,13303.3),('SDN',2005,669.397),('SEN',2005,772.527),('SGP',2005,29403.4),('SLB',2005,881.962),('SLE',2005,317.947),('SLV',2005,2814.94),('SMR',2005,46193.7),('SRB',2005,3391.37),('SSA',2005,850.924),('SSD',2005,13322.2),('SSF',2005,861.118),('SST',2005,3983),('STP',2005,736.078),('SUR',2005,3590.54),('SVK',2005,11414.6),('SVN',2005,17854.6),('SWE',2005,41040.7),('SWZ',2005,2339.29),('SYC',2005,11086.9),('SYR',2005,1588.51),('TCD',2005,663.71),('TGO',2005,381.782),('THA',2005,2689.95),('TJK',2005,339.764),('TKM',2005,1706.96),('TLS',2005,487.324),('TON',2005,2622.95),('TTO',2005,12405.1),('TUN',2005,3218.96),('TUR',2005,7129.58),('TUV',2005,2252.9),('TZA',2005,374.999),('UGA',2005,313.799),('UKR',2005,1828.72),('UMC',2005,2960.82),('URY',2005,5221.67),('USA',2005,44313.6),('UZB',2005,546.777),('VCT',2005,5070.68),('VEN',2005,5444.66),('VNM',2005,699.488),('VUT',2005,1886.39),('PSE',2005,1209.45),('WLD',2005,7140.28),('WSM',2005,2291.03),('YEM',2005,831.88),('ZAF',2005,5185.85),('COD',2005,133.1),('ZMB',2005,625.854),('ZWE',2005,452.789),('ABW',2006,24015.4),('AND',2006,34484.7),('AFG',2006,275.351),('AGO',2006,2440.63),('ALB',2006,2872.26),('ARB',2006,4413.36),('ARE',2006,45554.2),('ARG',2006,5490.44),('ARM',2006,2126.09),('ATG',2006,13675.1),('AUS',2006,36113),('AUT',2006,39299.6),('AZE',2006,2473),('BDI',2006,158.305),('BEL',2006,37918.8),('BEN',2006,557.232),('BFA',2006,422.845),('BGD',2006,427.291),('BGR',2006,4313.43),('BHR',2006,19459.7),('BHS',2006,23733.8),('BIH',2006,3199.9),('BLR',2006,3848.6),('BLZ',2006,4363.85),('BMU',2006,83912.7),('BOL',2006,1203.25),('BRA',2006,5787.98),('BRB',2006,15691.8),('BRN',2006,30613.3),('BTN',2006,1348.73),('BWA',2006,5341.4),('CAF',2006,365.497),('CAN',2006,39256.7),('CHE',2006,54140.5),('CHI',2006,62263.8),('CHL',2006,9371.43),('CHN',2006,2069.34),('CIV',2006,983.291),('CMR',2006,964.602),('COG',2006,2120.1),('COL',2006,3712.79),('COM',2006,653.954),('CPV',2006,2566.45),('CRI',2006,5128.4),('CSS',2006,7825.29),('CUB',2006,4666.99),('CYP',2006,23863.6),('CZE',2006,14488.4),('DEU',2006,35237.6),('DJI',2006,976.293),('DMA',2006,5408.11),('DNK',2006,50462.2),('DOM',2006,3794.07),('DZA',2006,3391.37),('EAP',2006,1936.25),('EAS',2006,4949.74),('ECA',2006,4444.3),('ECS',2006,19902.7),('ECU',2006,3337.4),('EGY',2006,1472.57),('EMU',2006,32798),('ERI',2006,240.547),('ESP',2006,27847.5),('EST',2006,12486.9),('ETH',2006,191.604),('EUU',2006,29603.6),('FIN',2006,39487.1),('FJI',2006,3747.43),('FRA',2006,35457.1),('FRO',2006,39870),('FSM',2006,2393.8),('GAB',2006,6756.27),('GBR',2006,40819.9),('GEO',2006,1764.87),('GHA',2006,929.946),('GIN',2006,287.923),('GMB',2006,441.92),('GNB',2006,398.247),('GNQ',2006,15451.2),('GRC',2006,23475.2),('GRD',2006,6825.13),('GRL',2006,30620.2),('GTM',2006,2326.3),('GUY',2006,1905.56),('HIC',2006,31601.9),('HKG',2006,28224.2),('HND',2006,1540.58),('HPC',2006,492.264),('HRV',2006,11228.6),('HTI',2006,519.749),('HUN',2006,11173.6),('IDN',2006,1601.03),('IMN',2006,42402.1),('IND',2006,830.163),('IRL',2006,52118.8),('IRN',2006,3140.2),('IRQ',2006,2321.15),('ISL',2006,54814),('ISR',2006,21405.2),('ITA',2006,31777),('JAM',2006,4486.56),('JOR',2006,2719.82),('JPN',2006,34102.2),('KAZ',2006,5291.57),('KEN',2006,612.233),('KGZ',2006,543.111),('KHM',2006,536.658),('KIR',2006,1138.28),('KNA',2006,12635),('KOR',2006,19676.1),('KSV',2006,2278.62),('KWT',2006,42011.8),('LAC',2006,5526.85),('LAO',2006,585.641),('LBN',2006,5499.86),('LBR',2006,178.454),('LBY',2006,9933.11),('LCA',2006,6072.3),('LCN',2006,5813.15),('LDC',2006,461.95),('LIC',2006,352.424),('LIE',2006,113874),('LKA',2006,1423.48),('LMC',2006,1058.89),('LMY',2006,1986.84),('LSO',2006,736.36),('LTU',2006,9201.64),('LUX',2006,90015.5),('LVA',2006,8986.4),('MAC',2006,30363.6),('MAR',2006,2128.07),('MCO',2006,135689),('MDA',2006,950.699),('MDG',2006,292.957),('MDV',2006,4304.06),('MEA',2006,4958.54),('MEX',2006,8618.25),('MHL',2006,2752.32),('MIC',2006,2251.36),('MKD',2006,3133.32),('MLI',2006,496.744),('MLT',2006,15766.1),('MNA',2006,2497.82),('MNE',2006,4370.6),('MNG',2006,1333.88),('MOZ',2006,328.707),('MRT',2006,939.156),('MUS',2006,5373.63),('MWI',2006,234.212),('MYS',2006,6179.66),('NAC',2006,45743.9),('NAM',2006,3886.48),('NER',2006,266.579),('NGA',2006,1014.76),('NIC',2006,1228.3),('NLD',2006,41458.9),('NOC',2006,12169.8),('NOR',2006,72959.8),('NPL',2006,352.801),('NZL',2006,26359.6),('OEC',2006,36148.7),('OED',2006,31769.1),('OMN',2006,14405.1),('OSS',2006,3257.8),('PAK',2006,853.071),('PAN',2006,4998.38),('PER',2006,3297.56),('PHL',2006,1398.83),('PLW',2006,10499.3),('PNG',2006,896.395),('POL',2006,8958.01),('PRI',2006,22641.8),('PRT',2006,19177.4),('PRY',2006,1772.64),('PSS',2006,2627.53),('QAT',2006,62920.6),('ROU',2006,5789.24),('RUS',2006,6946.88),('RWA',2006,322.038),('SAS',2006,785.49),('SAU',2006,14855),('SDN',2006,862.287),('SEN',2006,807.975),('SGP',2006,33088.8),('SLB',2006,950.058),('SLE',2006,357.406),('SLV',2006,3042.75),('SMR',2006,48757.9),('SRB',2006,3942.63),('SSA',2006,964.662),('SSD',2006,13322.2),('SSF',2006,976.267),('SST',2006,4352.95),('STP',2006,781.991),('SUR',2006,5198.27),('SVK',2006,12842.2),('SVN',2006,19405.9),('SWE',2006,43948.6),('SWZ',2006,2636.19),('SYC',2006,12014.4),('SYR',2006,1772.56),('TCD',2006,716.639),('TGO',2006,387.42),('THA',2006,3143.24),('TJK',2006,406.963),('TKM',2006,2140.46),('TLS',2006,456.016),('TON',2006,2912.88),('TTO',2006,14162.8),('TUN',2006,3394.31),('TUR',2006,7736.1),('TUV',2006,2353.4),('TZA',2006,369.402),('UGA',2006,334.639),('UKR',2006,2303.02),('UMC',2006,3446.63),('URY',2006,5879.34),('USA',2006,46443.8),('UZB',2006,642.96),('VCT',2006,5610.61),('VEN',2006,6747.76),('VNM',2006,796.654),('VUT',2006,2036.17),('PSE',2006,13322.2),('WLD',2006,7640.39),('WSM',2006,2502.21),('YEM',2006,923.531),('ZAF',2006,5407.26),('COD',2006,158.727),('ZMB',2006,908.382),('ZWE',2006,427.834),('ABW',2007,25921.3),('AND',2007,39922.9),('AFG',2007,373.591),('AGO',2007,3412.72),('ALB',2007,3380.89),('ARB',2007,5035.71),('ARE',2007,44488.6),('ARG',2007,6630.05),('ARM',2007,3079.14),('ATG',2007,15353.9),('AUS',2007,40996.3),('AUT',2007,45181.5),('AZE',2007,3851.33),('BDI',2007,162.828),('BEL',2007,43255.4),('BEN',2007,632.361),('BFA',2007,474.59),('BGD',2007,467.136),('BGR',2007,5581.41),('BHR',2007,21049.6),('BHS',2007,24321.1),('BIH',2007,3949.84),('BLR',2007,4735.95),('BLZ',2007,4509.32),('BMU',2007,90849.6),('BOL',2007,1355.88),('BRA',2007,7194.08),('BRB',2007,16336),('BRN',2007,32108.9),('BTN',2007,1760.6),('BWA',2007,5711.73),('CAF',2007,413.481),('CAN',2007,43300.6),('CHE',2007,59663.8),('CHI',2007,73577.2),('CHL',2007,10383.5),('CHN',2007,2651.26),('CIV',2007,1102.88),('CMR',2007,1069.86),('COG',2007,2233.31),('COL',2007,4663.54),('COM',2007,734.823),('CPV',2007,3129.82),('CRI',2007,5897.53),('CSS',2007,8647.68),('CUB',2007,5185.38),('CYP',2007,27860.3),('CZE',2007,17527.4),('DEU',2007,40403),('DJI',2007,1061.64),('DMA',2007,5915.11),('DNK',2007,57021.2),('DOM',2007,4297.52),('DZA',2007,3845.85),('EAP',2007,2426.87),('EAS',2007,5502.09),('ECA',2007,5608.56),('ECS',2007,23193.8),('ECU',2007,3574.88),('EGY',2007,1757.76),('EMU',2007,37512.4),('ERI',2007,252.978),('ESP',2007,31871.1),('EST',2007,16381.1),('ETH',2007,235.896),('EUU',2007,34097.2),('FIN',2007,46538.2),('FJI',2007,4075.99),('FRA',2007,40341.9),('FRO',2007,45974.7),('FSM',2007,2434.81),('GAB',2007,7994.3),('GBR',2007,46610.5),('GEO',2007,2317.99),('GHA',2007,1099.08),('GIN',2007,411.485),('GMB',2007,522.34),('GNB',2007,465.34),('GNQ',2007,19660.1),('GRC',2007,27288.3),('GRD',2007,7373.82),('GRL',2007,37516.8),('GTM',2007,2561.44),('GUY',2007,2258.98),('HIC',2007,34473.6),('HKG',2007,30594),('HND',2007,1710.05),('HPC',2007,571.488),('HRV',2007,13376),('HTI',2007,627.65),('HUN',2007,13534.7),('IDN',2007,1871.29),('IMN',2007,49817.4),('IND',2007,1068.68),('IRL',2007,59008.3),('IRN',2007,3983.58),('IRQ',2007,3091.02),('ISL',2007,65566.3),('ISR',2007,24368.5),('ITA',2007,35826),('JAM',2007,4815.08),('JOR',2007,3022.54),('JPN',2007,34094.9),('KAZ',2007,6771.42),('KEN',2007,721.459),('KGZ',2007,721.769),('KHM',2007,628.427),('KIR',2007,1316.96),('KNA',2007,13658.7),('KOR',2007,21590.3),('KSV',2007,2736.49),('KWT',2007,44902.3),('LAC',2007,6455.63),('LAO',2007,702.27),('LBN',2007,6052.62),('LBR',2007,209.814),('LBY',2007,12418.2),('LCA',2007,6655.39),('LCN',2007,6747.98),('LDC',2007,550.654),('LIC',2007,405.646),('LIE',2007,130349),('LKA',2007,1614.41),('LMC',2007,1286.02),('LMY',2007,2413.79),('LSO',2007,816.8),('LTU',2007,12101.6),('LUX',2007,106920),('LVA',2007,13073.4),('MAC',2007,36606.8),('MAR',2007,2416.26),('MCO',2007,170633),('MDA',2007,1230.81),('MDG',2007,379.066),('MDV',2007,5002.54),('MEA',2007,5729.81),('MEX',2007,9191.06),('MHL',2007,2871.31),('MIC',2007,2741.72),('MKD',2007,3891.9),('MLI',2007,561.496),('MLT',2007,18474),('MNA',2007,3009.26),('MNE',2007,5938.58),('MNG',2007,1631.9),('MOZ',2007,362.432),('MRT',2007,1008.02),('MUS',2007,6182.2),('MWI',2007,265.997),('MYS',2007,7218.4),('NAC',2007,47609.3),('NAM',2007,4234.93),('NER',2007,302.266),('NGA',2007,1130.88),('NIC',2007,1330.82),('NLD',2007,47770.8),('NOC',2007,14390.1),('NOR',2007,83556.2),('NPL',2007,397.904),('NZL',2007,31996.8),('OEC',2007,39182.2),('OED',2007,34463.7),('OMN',2007,16305.6),('OSS',2007,3767.21),('PAK',2007,929.587),('PAN',2007,5669.87),('PER',2007,3794.5),('PHL',2007,1680.55),('PLW',2007,10529.4),('PNG',2007,989.319),('POL',2007,11157.3),('PRI',2007,23369.1),('PRT',2007,21980.7),('PRY',2007,2259.08),('PSS',2007,2876.63),('QAT',2007,69167),('ROU',2007,8170.14),('RUS',2007,9146.42),('RWA',2007,376.52),('SAS',2007,981.821),('SAU',2007,16048.6),('SDN',2007,1083.46),('SEN',2007,947.89),('SGP',2007,38762.6),('SLB',2007,1191.14),('SLE',2007,398.438),('SLV',2007,3283.53),('SMR',2007,55557),('SRB',2007,5276.93),('SSA',2007,1089.61),('SSD',2007,13322.2),('SSF',2007,1104.52),('SST',2007,4911.82),('STP',2007,882.914),('SUR',2007,5753.18),('SVK',2007,15649.2),('SVN',2007,23441),('SWE',2007,50558.4),('SWZ',2007,2690.65),('SYC',2007,12155.7),('SYR',2007,2065.54),('TCD',2007,807.782),('TGO',2007,432.484),('THA',2007,3737.72),('TJK',2007,523.061),('TKM',2007,2606.74),('TLS',2007,534.115),('TON',2007,2943.27),('TTO',2007,16591.4),('TUN',2007,3799.35),('TUR',2007,9312.05),('TUV',2007,2768.43),('TZA',2007,421.3),('UGA',2007,400.043),('UKR',2007,3068.61),('UMC',2007,4212.34),('URY',2007,7012.54),('USA',2007,48070.4),('UZB',2007,830.408),('VCT',2007,6278.98),('VEN',2007,8329.64),('VNM',2007,919.181),('VUT',2007,2392.83),('PSE',2007,13322.2),('WLD',2007,8502.05),('WSM',2007,2693.79),('YEM',2007,1022.39),('ZAF',2007,5850.96),('COD',2007,175.104),('ZMB',2007,953.079),('ZWE',2007,415.375),('ABW',2008,27549.3),('AND',2008,46418.4),('AFG',2008,376.978),('AGO',2008,4596.27),('ALB',2008,4108.41),('ARB',2008,6249.17),('ARE',2008,46402.6),('ARG',2008,8231.23),('ARM',2008,3916.73),('ATG',2008,15871.5),('AUS',2008,49672.7),('AUT',2008,49679.1),('AZE',2008,5574.6),('BDI',2008,186.872),('BEL',2008,47374.4),('BEN',2008,739.256),('BFA',2008,569.639),('BGD',2008,537.638),('BGR',2008,6916.85),('BHR',2008,23037.9),('BHS',2008,23674.1),('BIH',2008,4802.47),('BLR',2008,6377.36),('BLZ',2008,4665.74),('BMU',2008,93605.8),('BOL',2008,1695.56),('BRA',2008,8622.71),('BRB',2008,16358),('BRN',2008,37094),('BTN',2008,1816.75),('BWA',2008,5746.98),('CAF',2008,474.389),('CAN',2008,45199.1),('CHE',2008,68555.4),('CHI',2008,13322.2),('CHL',2008,10672.3),('CHN',2008,3413.59),('CIV',2008,1282.27),('CMR',2008,1211.3),('COG',2008,3059.23),('COL',2008,5405.1),('COM',2008,816.478),('CPV',2008,3692),('CRI',2008,6581.31),('CSS',2008,9801.13),('CUB',2008,5382.82),('CYP',2008,31928.4),('CZE',2008,21709.9),('DEU',2008,44132),('DJI',2008,13322.2),('DMA',2008,6520.13),('DNK',2008,62596.5),('DOM',2008,4696.95),('DZA',2008,4786.52),('EAP',2008,3045.67),('EAS',2008,6306.73),('ECA',2008,6652.65),('ECS',2008,25374.4),('ECU',2008,4255.85),('EGY',2008,2156.76),('EMU',2008,40862.6),('ERI',2008,256.438),('ESP',2008,34674.2),('EST',2008,17722.5),('ETH',2008,309.686),('EUU',2008,36537.7),('FIN',2008,51186.5),('FJI',2008,4301.63),('FRA',2008,43991.7),('FRO',2008,48645.4),('FSM',2008,2500.91),('GAB',2008,10577.9),('GBR',2008,43510.3),('GEO',2008,2919.69),('GHA',2008,1234.44),('GIN',2008,437.806),('GMB',2008,612.029),('GNB',2008,555.659),('GNQ',2008,23511.1),('GRC',2008,30398.8),('GRD',2008,8008.5),('GRL',2008,30883),('GTM',2008,2867.48),('GUY',2008,2478.41),('HIC',2008,36566),('HKG',2008,31515.7),('HND',2008,1883.23),('HPC',2008,666.693),('HRV',2008,15695.8),('HTI',2008,664.82),('HUN',2008,15364.7),('IDN',2008,2178.27),('IMN',2008,13322.2),('IND',2008,1042.08),('IRL',2008,58810.9),('IRN',2008,4899.31),('IRQ',2008,4472.06),('ISL',2008,53028.8),('ISR',2008,29160.2),('ITA',2008,38563.1),('JAM',2008,5118.7),('JOR',2008,3797.41),('JPN',2008,37972.2),('KAZ',2008,8513.57),('KEN',2008,785.734),('KGZ',2008,966.394),('KHM',2008,742.571),('KIR',2008,1424.04),('KNA',2008,14480.6),('KOR',2008,19028.1),('KSV',2008,3302.92),('KWT',2008,54548.6),('LAC',2008,7452.64),('LAO',2008,886.76),('LBN',2008,7185.61),('LBR',2008,231.447),('LBY',2008,15853.5),('LCA',2008,6801.65),('LCN',2008,7739.83),('LDC',2008,660.89),('LIC',2008,470.235),('LIE',2008,138537),('LKA',2008,2013.91),('LMC',2008,1408.21),('LMY',2008,2840.59),('LSO',2008,826.827),('LTU',2008,14774.7),('LUX',2008,112029),('LVA',2008,15463.7),('MAC',2008,40847.1),('MAR',2008,2827.29),('MCO',2008,193892),('MDA',2008,1695.97),('MDG',2008,471.442),('MDV',2008,6027.32),('MEA',2008,7091.85),('MEX',2008,9559.79),('MHL',2008,2920.2),('MIC',2008,3231.48),('MKD',2008,4685.62),('MLI',2008,665.055),('MLT',2008,20895.8),('MNA',2008,3744.69),('MNE',2008,7305.81),('MNG',2008,2135.81),('MOZ',2008,434.53),('MRT',2008,1107.32),('MUS',2008,7599.99),('MWI',2008,302.497),('MYS',2008,8460.36),('NAC',2008,48099.7),('NAM',2008,4183.23),('NER',2008,366.631),('NGA',2008,1376.02),('NIC',2008,1456.31),('NLD',2008,52951),('NOC',2008,17191.3),('NOR',2008,95189.9),('NPL',2008,477.932),('NZL',2008,30610.3),('OEC',2008,41126.8),('OED',2008,36188.4),('OMN',2008,23421.4),('OSS',2008,4307.44),('PAK',2008,1018.38),('PAN',2008,6472.98),('PER',2008,4525.22),('PHL',2008,1920.99),('PLW',2008,10516.9),('PNG',2008,1222.79),('POL',2008,13886.5),('PRI',2008,24623.5),('PRT',2008,23860.7),('PRY',2008,2967.41),('PSS',2008,3081.36),('QAT',2008,84812.6),('ROU',2008,9949.35),('RUS',2008,11700.2),('RWA',2008,460.897),('SAS',2008,984.773),('SAU',2008,19714.4),('SDN',2008,1253.11),('SEN',2008,1093.76),('SGP',2008,39382.9),('SLB',2008,1282.51),('SLE',2008,452.697),('SLV',2008,3483.71),('SMR',2008,62188.9),('SRB',2008,6497.84),('SSA',2008,1206.47),('SSD',2008,1674.05),('SSF',2008,1224.42),('SST',2008,5568.02),('STP',2008,1090.41),('SUR',2008,6855.18),('SVK',2008,18201.3),('SVN',2008,27015.1),('SWE',2008,52730.8),('SWZ',2008,2616.95),('SYC',2008,11123),('SYR',2008,13322.2),('TCD',2008,938.472),('TGO',2008,527.691),('THA',2008,4118.4),('TJK',2008,709.437),('TKM',2008,3918.92),('TLS',2008,643.652),('TON',2008,3369.21),('TTO',2008,21282.8),('TUN',2008,4331.24),('TUR',2008,10379.5),('TUV',2008,3094.68),('TZA',2008,503.605),('UGA',2008,448.067),('UKR',2008,3891.04),('UMC',2008,5086.21),('URY',2008,9067.5),('USA',2008,48407.1),('UZB',2008,1023.12),('VCT',2008,6403.6),('VEN',2008,11223.2),('VNM',2008,1164.56),('VUT',2008,2697.38),('PSE',2008,13322.2),('WLD',2008,9213.84),('WSM',2008,3128.73),('YEM',2008,1239.96),('ZAF',2008,5511.2),('COD',2008,198.496),('ZMB',2008,1175.35),('ZWE',2008,345.407),('ABW',2009,24639.9),('AND',2009,13322.2),('AFG',2009,450.659),('AGO',2009,3988.68),('ALB',2009,3845.72),('ARB',2009,5256.8),('ARE',2009,33012.8),('ARG',2009,7674.34),('ARM',2009,2913.6),('ATG',2009,14589.6),('AUS',2009,42721.9),('AUT',2009,45872.2),('AZE',2009,4950.29),('BDI',2009,194.897),('BEL',2009,43834.1),('BEN',2009,712.617),('BFA',2009,553.042),('BGD',2009,597.712),('BGR',2009,6524.16),('BHR',2009,19251.1),('BHS',2009,22060.9),('BIH',2009,4433.15),('BLR',2009,5182.63),('BLZ',2009,4446.61),('BMU',2009,88463.3),('BOL',2009,1735.14),('BRA',2009,8373.34),('BRB',2009,16460.8),('BRN',2009,27212.1),('BTN',2009,1795.05),('BWA',2009,5178.44),('CAF',2009,464.513),('CAN',2009,39775),('CHE',2009,65790.1),('CHI',2009,73577.2),('CHL',2009,10120),('CHN',2009,3749.27),('CIV',2009,1238.71),('CMR',2009,1102.52),('COG',2009,2401.3),('COL',2009,5116.75),('COM',2009,803.486),('CPV',2009,3524.33),('CRI',2009,6385.54),('CSS',2009,8190.05),('CUB',2009,5499.12),('CYP',2009,29427.9),('CZE',2009,18883.5),('DEU',2009,40270.2),('DJI',2009,13322.2),('DMA',2009,6778.66),('DNK',2009,56226.6),('DOM',2009,4731.6),('DZA',2009,3771.28),('EAP',2009,3262.59),('EAS',2009,6436.79),('ECA',2009,5495.42),('ECS',2009,22191.2),('ECU',2009,4236.78),('EGY',2009,2461.53),('EMU',2009,37241),('ERI',2009,334.065),('ESP',2009,31368.5),('EST',2009,14505.7),('ETH',2009,332.045),('EUU',2009,32523.7),('FIN',2009,44837.7),('FJI',2009,3431.76),('FRA',2009,40487.9),('FRO',2009,44317.3),('FSM',2009,2668.81),('GAB',2009,7919.71),('GBR',2009,35476.4),('GEO',2009,2440.96),('GHA',2009,1096.53),('GIN',2009,435.176),('GMB',2009,553.099),('GNB',2009,536.803),('GNQ',2009,15300.7),('GRC',2009,28451.9),('GRD',2009,7435.64),('GRL',2009,22507.9),('GTM',2009,2697.39),('GUY',2009,2593.37),('HIC',2009,33803.2),('HKG',2009,30697.3),('HND',2009,1939.28),('HPC',2009,642.469),('HRV',2009,14053.8),('HTI',2009,662.586),('HUN',2009,12634.6),('IDN',2009,2272.04),('IMN',2009,13322.2),('IND',2009,1147.24),('IRL',2009,49707.7),('IRN',2009,4931.28),('IRQ',2009,3701.86),('ISL',2009,38039.3),('ISR',2009,27491.5),('ITA',2009,35073.2),('JAM',2009,4491.47),('JOR',2009,4027.05),('JPN',2009,39473.4),('KAZ',2009,7165.28),('KEN',2009,767.874),('KGZ',2009,871.218),('KHM',2009,735.419),('KIR',2009,1320.48),('KNA',2009,13316.3),('KOR',2009,16958.6),('KSV',2009,3198.93),('KWT',2009,37160.5),('LAC',2009,6916.58),('LAO',2009,930.586),('LBN',2009,8159.02),('LBR',2009,302.28),('LBY',2009,10455.6),('LCA',2009,6700.51),('LCN',2009,7196.18),('LDC',2009,637.547),('LIC',2009,479.119),('LIE',2009,134617),('LKA',2009,2057.11),('LMC',2009,1421.09),('LMY',2009,2798.47),('LSO',2009,862.787),('LTU',2009,11649.4),('LUX',2009,99281.8),('LVA',2009,12082.1),('MAC',2009,40860),('MAR',2009,2861.03),('MCO',2009,153042),('MDA',2009,1525.53),('MDG',2009,419.091),('MDV',2009,6208.6),('MEA',2009,6180.31),('MEX',2009,7690.55),('MHL',2009,2895.64),('MIC',2009,3185.05),('MKD',2009,4433.86),('MLI',2009,661.132),('MLT',2009,19636),('MNA',2009,3528.98),('MNE',2009,6712.62),('MNG',2009,1715.36),('MOZ',2009,414.11),('MRT',2009,860.908),('MUS',2009,6928.97),('MWI',2009,345.195),('MYS',2009,7277.76),('NAC',2009,46293.3),('NAM',2009,4133.06),('NER',2009,352.685),('NGA',2009,1090.75),('NIC',2009,1420.11),('NLD',2009,48173.9),('NOC',2009,13960.7),('NOR',2009,78457.4),('NPL',2009,484.267),('NZL',2009,27474.3),('OEC',2009,38476.8),('OED',2009,33637.8),('OMN',2009,18114.5),('OSS',2009,3660.75),('PAK',2009,988.587),('PAN',2009,6682.5),('PER',2009,4495.16),('PHL',2009,1831.97),('PLW',2009,9709.27),('PNG',2009,1180.43),('POL',2009,11294.9),('PRI',2009,25497.2),('PRT',2009,22153.1),('PRY',2009,2513.63),('PSS',2009,2644.75),('QAT',2009,62527.6),('ROU',2009,8068.96),('RUS',2009,8615.66),('RWA',2009,498.845),('SAS',2009,1068.17),('SAU',2009,16013.3),('SDN',2009,1190.79),('SEN',2009,1017.97),('SGP',2009,37859.8),('SLB',2009,1167.65),('SLE',2009,435.109),('SLV',2009,3341.32),('SMR',2009,13322.2),('SRB',2009,5497.96),('SSA',2009,1114.88),('SSD',2009,1245.04),('SSF',2009,1126.38),('SST',2009,4690.91),('STP',2009,1134.11),('SUR',2009,7450.23),('SVK',2009,16196.3),('SVN',2009,24051),('SWE',2009,43639.5),('SWZ',2009,2693.52),('SYC',2009,9707.27),('SYR',2009,13322.2),('TCD',2009,813.756),('TGO',2009,514.773),('THA',2009,3978.91),('TJK',2009,668.621),('TKM',2009,4059.97),('TLS',2009,744.727),('TON',2009,3075.82),('TTO',2009,14557),('TUN',2009,4177.13),('TUR',2009,8626.4),('TUV',2009,2763.18),('TZA',2009,504.2),('UGA',2009,451.082),('UKR',2009,2545.48),('UMC',2009,4993.66),('URY',2009,8995.69),('USA',2009,46998.8),('UZB',2009,1181.85),('VCT',2009,6154.22),('VEN',2009,11525),('VNM',2009,1232.37),('VUT',2009,2642.93),('PSE',2009,13322.2),('WLD',2009,8625.56),('WSM',2009,2712.41),('YEM',2009,1130.48),('ZAF',2009,5654.49),('COD',2009,185.232),('ZMB',2009,998.44),('ZWE',2009,475.854),('ABW',2010,24289.1),('AND',2010,13322.2),('AFG',2010,561.198),('AGO',2010,4218.65),('ALB',2010,3764.33),('ARB',2010,6054.64),('ARE',2010,34048.5),('ARG',2010,9132.96),('ARM',2010,3124.79),('ATG',2010,13315.2),('AUS',2010,51824.8),('AUT',2010,45016.7),('AZE',2010,5843.17),('BDI',2010,219.53),('BEL',2010,43242.4),('BEN',2010,689.648),('BFA',2010,592.607),('BGD',2010,664.064),('BGR',2010,6453.48),('BHR',2010,20546),('BHS',2010,21881.1),('BIH',2010,4361.88),('BLR',2010,5818.85),('BLZ',2010,4529.89),('BMU',2010,88207.3),('BOL',2010,1934.68),('BRA',2010,10978.1),('BRB',2010,15812.3),('BRN',2010,30880.3),('BTN',2010,2211.23),('BWA',2010,6980.36),('CAF',2010,456.563),('CAN',2010,46376.3),('CHE',2010,70370),('CHI',2010,13322.2),('CHL',2010,12684.9),('CHN',2010,4433.36),('CIV',2010,1207.85),('CMR',2010,1090.62),('COG',2010,2920.41),('COL',2010,6179.4),('COM',2010,795.478),('CPV',2010,3413.26),('CRI',2010,7773.19),('CSS',2010,8601.7),('CUB',2010,5701.96),('CYP',2010,27889),('CZE',2010,18948.6),('DEU',2010,40408),('DJI',2010,13322.2),('DMA',2010,6630.2),('DNK',2010,56451.7),('DOM',2010,5166.15),('DZA',2010,4349.57),('EAP',2010,3885.15),('EAS',2010,7421.42),('ECA',2010,6170.29),('ECS',2010,22645.6),('ECU',2010,4500.59),('EGY',2010,2803.53),('EMU',2010,36371.6),('ERI',2010,368.748),('ESP',2010,29732.4),('EST',2010,14245.6),('ETH',2010,301.839),('EUU',2010,32275.9),('FIN',2010,44134),('FJI',2010,3747.67),('FRA',2010,39443.2),('FRO',2010,13322.2),('FSM',2010,2838.45),('GAB',2010,9321.96),('GBR',2010,36424.5),('GEO',2010,2613.69),('GHA',2010,1326.07),('GIN',2010,435.449),('GMB',2010,566.335),('GNB',2010,526.521),('GNQ',2010,17612.8),('GRC',2010,26020.1),('GRD',2010,7485.91),('GRL',2010,13322.2),('GTM',2010,2882.4),('GUY',2010,2873.95),('HIC',2010,35427.1),('HKG',2010,32558.3),('HND',2010,2063.93),('HPC',2010,690.705),('HRV',2010,13326.5),('HTI',2010,670.403),('HUN',2010,12750.3),('IDN',2010,2946.66),('IMN',2010,13322.2),('IND',2010,1417.07),('IRL',2010,45916.7),('IRN',2010,5674.92),('IRQ',2010,4612.52),('ISL',2010,39507.1),('ISR',2010,30389.1),('ITA',2010,33982.1),('JAM',2010,4906.67),('JOR',2010,4370.72),('JPN',2010,43117.8),('KAZ',2010,9070.96),('KEN',2010,787.064),('KGZ',2010,880.039),('KHM',2010,782.619),('KIR',2010,1539.05),('KNA',2010,12904.1),('KOR',2010,20540),('KSV',2010,3238.65),('KWT',2010,40090.7),('LAC',2010,8451.5),('LAO',2010,1122.85),('LBN',2010,8551.85),('LBR',2010,326.604),('LBY',2010,13322.2),('LCA',2010,6814.4),('LCN',2010,8758.78),('LDC',2010,700.06),('LIC',2010,512.809),('LIE',2010,13322.2),('LKA',2010,2400.02),('LMC',2010,1764.78),('LMY',2010,3345.52),('LSO',2010,1097.02),('LTU',2010,11722),('LUX',2010,102679),('LVA',2010,11446.5),('MAC',2010,53045.9),('MAR',2010,2822.73),('MCO',2010,145230),('MDA',2010,1631.54),('MDG',2010,419.224),('MDV',2010,6552.48),('MEA',2010,7081.2),('MEX',2010,8884.56),('MHL',2010,3112.84),('MIC',2010,3822.04),('MKD',2010,4442.3),('MLI',2010,673.695),('MLT',2010,19695.3),('MNA',2010,4001.59),('MNE',2010,6635.91),('MNG',2010,2285.65),('MOZ',2010,386.963),('MRT',2010,1017.17),('MUS',2010,7586.97),('MWI',2010,359.58),('MYS',2010,8754.24),('NAC',2010,48169),('NAM',2010,5078.51),('NER',2010,359.801),('NGA',2010,2293.89),('NIC',2010,1474.75),('NLD',2010,46773.4),('NOC',2010,16372.2),('NOR',2010,86155.5),('NPL',2010,596.379),('NZL',2010,32796.1),('OEC',2010,39943.1),('OED',2010,35043.3),('OMN',2010,20983.9),('OSS',2010,4271.75),('PAK',2010,1024.59),('PAN',2010,7229.11),('PER',2010,5386.01),('PHL',2010,2135.92),('PLW',2010,9601.53),('PNG',2010,1382.14),('POL',2010,12302),('PRI',2010,26106.4),('PRT',2010,21653),('PRY',2010,3100.5),('PSS',2010,2904.19),('QAT',2010,72773.3),('ROU',2010,8139.15),('RUS',2010,10709.5),('RWA',2010,519.022),('SAS',2010,1289.15),('SAU',2010,19326.6),('SDN',2010,1422.37),('SEN',2010,998.6),('SGP',2010,45639.4),('SLB',2010,1289.07),('SLE',2010,447.753),('SLV',2010,3444.46),('SMR',2010,13322.2),('SRB',2010,5073.07),('SSA',2010,1465.27),('SSD',2010,1526.92),('SSF',2010,1478.43),('SST',2010,5215.63),('STP',2010,1127.98),('SUR',2010,8320.65),('SVK',2010,16151.1),('SVN',2010,22897.9),('SWE',2010,49359.9),('SWZ',2010,3093.54),('SYC',2010,10805.1),('SYR',2010,13322.2),('TCD',2010,909.3),('TGO',2010,503.162),('THA',2010,4802.66),('TJK',2010,739.738),('TKM',2010,4392.72),('TLS',2010,817.767),('TON',2010,3546.78),('TTO',2010,15561.8),('TUN',2010,4206.78),('TUR',2010,10135.4),('TUV',2010,3238.5),('TZA',2010,524.694),('UGA',2010,471.677),('UKR',2010,2973.98),('UMC',2010,5948.18),('URY',2010,11520.3),('USA',2010,48357.7),('UZB',2010,1377.08),('VCT',2010,6172.58),('VEN',2010,13559.3),('VNM',2010,1333.58),('VUT',2010,2965.75),('PSE',2010,13322.2),('WLD',2010,9339.42),('WSM',2010,3075.65),('YEM',2010,1363.74),('ZAF',2010,7136.96),('COD',2010,211.264),('ZMB',2010,1224.95),('ZWE',2010,568.428),('ABW',2011,25354.8),('AND',2011,13322.2),('AFG',2011,613.979),('AGO',2011,5159.23),('ALB',2011,4109.08),('ARB',2011,7214.84),('ARE',2011,39057.8),('ARG',2011,10951.6),('ARM',2011,3421.73),('ATG',2011,12420.2),('AUS',2011,62081),('AUT',2011,49485.5),('AZE',2011,7189.81),('BDI',2011,246.914),('BEL',2011,46463.7),('BEN',2011,745.915),('BFA',2011,649.925),('BGD',2011,731.894),('BGR',2011,7286.64),('BHR',2011,22466.9),('BHS',2011,21490.4),('BIH',2011,4754.07),('BLR',2011,6305.77),('BLZ',2011,4720.82),('BMU',2011,85973.2),('BOL',2011,2319.61),('BRA',2011,12576),('BRB',2011,15503.3),('BRN',2011,40244.3),('BTN',2011,2513.94),('BWA',2011,7697.4),('CAF',2011,498.78),('CAN',2011,50578.3),('CHE',2011,83087.1),('CHI',2011,13322.2),('CHL',2011,14512.6),('CHN',2011,5447.34),('CIV',2011,1241.56),('CMR',2011,1204.7),('COG',2011,3414.05),('COL',2011,7148.86),('COM',2011,871.692),('CPV',2011,3801.45),('CRI',2011,8660.83),('CSS',2011,9199.06),('CUB',2011,6051.22),('CYP',2011,29206.5),('CZE',2011,20580.2),('DEU',2011,44354.7),('DJI',2011,13322.2),('DMA',2011,6780.54),('DNK',2011,59897.5),('DOM',2011,5492.65),('DZA',2011,5271.59),('EAP',2011,4699.74),('EAS',2011,8510.1),('ECA',2011,6842.35),('ECS',2011,24850),('ECU',2011,5035.24),('EGY',2011,2972.58),('EMU',2011,39153.5),('ERI',2011,439.542),('ESP',2011,31117.9),('EST',2011,16885.7),('ETH',2011,334.715),('EUU',2011,34859.2),('FIN',2011,48677.8),('FJI',2011,4324.69),('FRA',2011,42559.9),('FRO',2011,13322.2),('FSM',2011,3000.15),('GAB',2011,11768.6),('GBR',2011,39186.4),('GEO',2011,3219.57),('GHA',2011,1594.03),('GIN',2011,454.002),('GMB',2011,517.752),('GNB',2011,595.829),('GNQ',2011,23473.4),('GRC',2011,26061.4),('GRD',2011,7766.47),('GRL',2011,13322.2),('GTM',2011,3242.69),('GUY',2011,3258.05),('HIC',2011,38190),('HKG',2011,35172.5),('HND',2011,2261.65),('HPC',2011,748.924),('HRV',2011,14434.7),('HTI',2011,732.209),('HUN',2011,13783.8),('IDN',2011,3471.43),('IMN',2011,13322.2),('IND',2011,1539.6),('IRL',2011,49387.3),('IRN',2011,7006.05),('IRQ',2011,6019.42),('ISL',2011,44030.6),('ISR',2011,33250.5),('ITA',2011,36180),('JAM',2011,5334.57),('JOR',2011,4665.94),('JPN',2011,46134.6),('KAZ',2011,11358),('KEN',2011,799.961),('KGZ',2011,1124.08),('KHM',2011,878.383),('KIR',2011,1735.55),('KNA',2011,13198.4),('KOR',2011,22388.2),('KSV',2011,3705.67),('KWT',2011,51396.9),('LAC',2011,9345.31),('LAO',2011,1265.71),('LBN',2011,9148.13),('LBR',2011,376.928),('LBY',2011,13322.2),('LCA',2011,7023.32),('LCN',2011,9686.51),('LDC',2011,777.717),('LIC',2011,564.068),('LIE',2011,13322.2),('LKA',2011,2835.99),('LMC',2011,1969.11),('LMY',2011,3843.48),('LSO',2011,1243.91),('LTU',2011,14158),('LUX',2011,111913),('LVA',2011,13827.4),('MAC',2011,67359.5),('MAR',2011,3044.11),('MCO',2011,163026),('MDA',2011,1970.57),('MDG',2011,457.208),('MDV',2011,6487.56),('MEA',2011,8467.65),('MEX',2011,9717.47),('MHL',2011,3251.74),('MIC',2011,4400.89),('MKD',2011,4961.81),('MLI',2011,740.522),('MLT',2011,21985.3),('MNA',2011,4696.27),('MNE',2011,7253.45),('MNG',2011,3181.1),('MOZ',2011,511.299),('MRT',2011,1154.07),('MUS',2011,8748.14),('MWI',2011,363.642),('MYS',2011,10058),('NAC',2011,49932.4),('NAM',2011,5692.19),('NER',2011,388.327),('NGA',2011,2518.63),('NIC',2011,1631.72),('NLD',2011,49886.3),('NOC',2011,19584.4),('NOR',2011,99172.6),('NPL',2011,704.186),('NZL',2011,36918.8),('OEC',2011,42623.2),('OED',2011,37379.4),('OMN',2011,23132.9),('OSS',2011,4993.66),('PAK',2011,1213.93),('PAN',2011,8372.58),('PER',2011,6112.16),('PHL',2011,2357.57),('PLW',2011,10332.1),('PNG',2011,1767.24),('POL',2011,13382.1),('PRI',2011,26733.8),('PRT',2011,22532.5),('PRY',2011,3956.73),('PSS',2011,3309.7),('QAT',2011,90804.7),('ROU',2011,9063.68),('RUS',2011,13284),('RWA',2011,570.167),('SAS',2011,1416.13),('SAU',2011,24116.2),('SDN',2011,1537.6),('SEN',2011,1083.26),('SGP',2011,51241.7),('SLB',2011,1610.92),('SLE',2011,501.023),('SLV',2011,3698.55),('SMR',2011,13322.2),('SRB',2011,5964.1),('SSA',2011,1607.28),('SSD',2011,1844.3),('SSF',2011,1625.04),('SST',2011,5872.62),('STP',2011,1355.45),('SUR',2011,8236.2),('SVK',2011,17760.4),('SVN',2011,24478.3),('SWE',2011,56755.3),('SWZ',2011,3274.39),('SYC',2011,12289.3),('SYR',2011,13322.2),('TCD',2011,1006.32),('TGO',2011,569.47),('THA',2011,5192.12),('TJK',2011,834.641),('TKM',2011,5724.54),('TLS',2011,959.537),('TON',2011,4046.12),('TTO',2011,17686.7),('TUN',2011,4350.34),('TUR',2011,10604.8),('TUV',2011,3993.65),('TZA',2011,530.395),('UGA',2011,440.802),('UKR',2011,3575.51),('UMC',2011,6932.43),('URY',2011,13723.9),('USA',2011,49853.7),('UZB',2011,1544.83),('VCT',2011,6291.26),('VEN',2011,10728),('VNM',2011,1543.03),('VUT',2011,3252.14),('PSE',2011,13322.2),('WLD',2011,10224.3),('WSM',2011,3361.96),('YEM',2011,1448.56),('ZAF',2011,7789.94),('COD',2011,245.583),('ZMB',2011,1408.56),('ZWE',2011,663.643),('ABW',2012,13322.2),('AND',2012,13322.2),('AFG',2012,687.245),('AGO',2012,5482.43),('ALB',2012,3999.93),('ARB',2012,7610.96),('ARE',2012,41691.7),('ARG',2012,11573.1),('ARM',2012,3351.38),('ATG',2012,12733.5),('AUS',2012,67441.6),('AUT',2012,46791.8),('AZE',2012,7165.03),('BDI',2012,251.015),('BEL',2012,43398.7),('BEN',2012,751.916),('BFA',2012,651.653),('BGD',2012,752.156),('BGR',2012,6976.85),('BHR',2012,23039.7),('BHS',2012,21908.3),('BIH',2012,4555.64),('BLR',2012,6685.02),('BLZ',2012,13322.2),('BMU',2012,84460.3),('BOL',2012,2575.68),('BRA',2012,11339.5),('BRB',2012,14917.1),('BRN',2012,41126.6),('BTN',2012,2398.91),('BWA',2012,7238.02),('CAF',2012,482.67),('CAN',2012,51206.2),('CHE',2012,78927.6),('CHI',2012,13322.2),('CHL',2012,15452.2),('CHN',2012,6091.01),('CIV',2012,1243.99),('CMR',2012,1166.91),('COG',2012,3153.74),('COL',2012,7747.84),('COM',2012,830.52),('CPV',2012,3695.42),('CRI',2012,9386.3),('CSS',2012,9323.41),('CUB',2012,13322.2),('CYP',2012,26070.4),('CZE',2012,18690),('DEU',2012,42597.4),('DJI',2012,13322.2),('DMA',2012,6691.71),('DNK',2012,56363.9),('DOM',2012,5745.78),('DZA',2012,5347.7),('EAP',2012,5186.58),('EAS',2012,9039.61),('ECA',2012,6888.57),('ECS',2012,23847.7),('ECU',2012,5424.63),('EGY',2012,3256.02),('EMU',2012,36648.8),('ERI',2012,504.302),('ESP',2012,28273.7),('EST',2012,16832.8),('ETH',2012,454.795),('EUU',2012,32954.1),('FIN',2012,45694.1),('FJI',2012,4467.1),('FRA',2012,39746.3),('FRO',2012,13322.2),('FSM',2012,3154.51),('GAB',2012,11256.5),('GBR',2012,38919.6),('GEO',2012,3506.64),('GHA',2012,1604.91),('GIN',2012,491.79),('GMB',2012,506.598),('GNB',2012,494.315),('GNQ',2012,24035.7),('GRC',2012,22441.5),('GRD',2012,7266.68),('GRL',2012,13322.2),('GTM',2012,3330.53),('GUY',2012,3583.96),('HIC',2012,38283.8),('HKG',2012,36795.8),('HND',2012,2322.88),('HPC',2012,777.942),('HRV',2012,13878.6),('HTI',2012,770.951),('HUN',2012,12560.1),('IDN',2012,3556.79),('IMN',2012,13322.2),('IND',2012,1503),('IRL',2012,45921.3),('IRN',2012,7228.02),('IRQ',2012,6625.22),('ISL',2012,42339.5),('ISR',2012,32567.1),('ITA',2012,33815.7),('JAM',2012,5449.08),('JOR',2012,4909.03),('JPN',2012,46730.9),('KAZ',2012,12120.5),('KEN',2012,942.541),('KGZ',2012,1154.74),('KHM',2012,944.414),('KIR',2012,1736.2),('KNA',2012,14314),('KOR',2012,22590),('KSV',2012,3566.59),('KWT',2012,56373.7),('LAC',2012,9191.98),('LAO',2012,1417.08),('LBN',2012,9705.39),('LBR',2012,413.757),('LBY',2012,13322.2),('LCA',2012,6848.24),('LCN',2012,9575.22),('LDC',2012,802.88),('LIC',2012,597.528),('LIE',2012,13322.2),('LKA',2012,2923.21),('LMC',2012,2009.54),('LMY',2012,4000.3),('LSO',2012,1193.04),('LTU',2012,14172.3),('LUX',2012,103858),('LVA',2012,13947),('MAC',2012,78275.1),('MAR',2012,2902.33),('MCO',2012,13322.2),('MDA',2012,2037.57),('MDG',2012,447.437),('MDV',2012,6566.65),('MEA',2012,8875.11),('MEX',2012,9748.87),('MHL',2012,3470.65),('MIC',2012,4585.37),('MKD',2012,4565.27),('MLI',2012,699.341),('MLT',2012,20838.9),('MNA',2012,4896.59),('MNE',2012,7041.22),('MNG',2012,3672.97),('MOZ',2012,565.151),('MRT',2012,1106.14),('MUS',2012,8119.55),('MWI',2012,268.054),('MYS',2012,10432.1),('NAC',2012,51700.6),('NAM',2012,5785.75),('NER',2012,394.776),('NGA',2012,2722.3),('NIC',2012,1753.64),('NLD',2012,45960.1),('NOC',2012,20583.6),('NOR',2012,99635.9),('NPL',2012,690.205),('NZL',2012,38636.9),('OEC',2012,42538),('OED',2012,37261.6),('OMN',2012,23569.9),('OSS',2012,4856.03),('PAK',2012,1256.66),('PAN',2012,9534.41),('PER',2012,6795.77),('PHL',2012,2587.02),('PLW',2012,11005.9),('PNG',2012,2184.16),('POL',2012,12710.1),('PRI',2012,27677.5),('PRT',2012,20175.1),('PRY',2012,3813.47),('PSS',2012,3466.91),('QAT',2012,93825.3),('ROU',2012,8437.43),('RUS',2012,14037),('RWA',2012,619.927),('SAS',2012,1396.47),('SAU',2012,25136.2),('SDN',2012,1580),('SEN',2012,1023.29),('SGP',2012,52051.8),('SLB',2012,1834.84),('SLE',2012,634.923),('SLV',2012,3789.57),('SMR',2012,13322.2),('SRB',2012,5189.58),('SSA',2012,1629.25),('SSD',2012,943.043),('SSF',2012,1647.46),('SST',2012,5811.71),('STP',2012,1400.33),('SUR',2012,9376.5),('SVK',2012,16892.6),('SVN',2012,22058.8),('SWE',2012,55039.6),('SWZ',2012,3041.85),('SYC',2012,12782.7),('SYR',2012,13322.2),('TCD',2012,1035.26),('TGO',2012,574.12),('THA',2012,5479.76),('TJK',2012,953.006),('TKM',2012,6797.73),('TLS',2012,1068.39),('TON',2012,4493.72),('TTO',2012,17436.5),('TUN',2012,4236.79),('TUR',2012,10666.1),('TUV',2012,4044.19),('TZA',2012,608.716),('UGA',2012,551.156),('UKR',2012,3866.99),('UMC',2012,7285.22),('URY',2012,14702.8),('USA',2012,51748.6),('UZB',2012,1716.66),('VCT',2012,6515.22),('VEN',2012,12728.7),('VNM',2012,1755.27),('VUT',2012,3183.16),('PSE',2012,13322.2),('WLD',2012,10318.4),('WSM',2012,3619.69),('YEM',2012,1498.26),('ZAF',2012,7351.76),('COD',2012,261.836),('ZMB',2012,1462.89),('ZWE',2012,714.233);
/*!40000 ALTER TABLE `per_capita` ENABLE KEYS */;
UNLOCK TABLES;

--
-- Final view structure for view `consolidated_view`
--

/*!50001 DROP VIEW IF EXISTS `consolidated_view`*/;
/*!50001 SET @saved_cs_client          = @@character_set_client */;
/*!50001 SET @saved_cs_results         = @@character_set_results */;
/*!50001 SET @saved_col_connection     = @@collation_connection */;
/*!50001 SET character_set_client      = utf8mb4 */;
/*!50001 SET character_set_results     = utf8mb4 */;
/*!50001 SET collation_connection      = utf8mb4_0900_ai_ci */;
/*!50001 CREATE ALGORITHM=UNDEFINED */
/*!50013 DEFINER=`root`@`localhost` SQL SECURITY DEFINER */
/*!50001 VIEW `consolidated_view` AS select `pc`.`country_code` AS `country_code`,`c`.`country_name` AS `country_name`,`cm`.`continent_code` AS `continent_code`,`con`.`continent_name` AS `continent_name`,`pc`.`year` AS `year`,`pc`.`gdp_per_capita` AS `gdp_per_capita` from (((`per_capita` `pc` join `countries` `c` on((`pc`.`country_code` = `c`.`country_code`))) join `continent_map` `cm` on((`pc`.`country_code` = `cm`.`country_code`))) join `continents` `con` on((`cm`.`continent_code` = `con`.`continent_code`))) */;
/*!50001 SET character_set_client      = @saved_cs_client */;
/*!50001 SET character_set_results     = @saved_cs_results */;
/*!50001 SET collation_connection      = @saved_col_connection */;
/*!40103 SET TIME_ZONE=@OLD_TIME_ZONE */;

/*!40101 SET SQL_MODE=@OLD_SQL_MODE */;
/*!40014 SET FOREIGN_KEY_CHECKS=@OLD_FOREIGN_KEY_CHECKS */;
/*!40014 SET UNIQUE_CHECKS=@OLD_UNIQUE_CHECKS */;
/*!40101 SET CHARACTER_SET_CLIENT=@OLD_CHARACTER_SET_CLIENT */;
/*!40101 SET CHARACTER_SET_RESULTS=@OLD_CHARACTER_SET_RESULTS */;
/*!40101 SET COLLATION_CONNECTION=@OLD_COLLATION_CONNECTION */;
/*!40111 SET SQL_NOTES=@OLD_SQL_NOTES */;

-- Dump completed on 2024-07-25 21:08:44
